INSERT INTO DEPARTMENT (dept_no, dept_name, dept_location) VALUES
(1, 'Human Resources', 'New York'),
(2, 'Finance', 'Chicago'),
(3, 'Information Technology', 'San Francisco'),
(4, 'Marketing', 'Boston'),
(5, 'Sales', 'Los Angeles'),
(6, 'Operations', 'Dallas'),
(7, 'Customer Support', 'Phoenix'),
(8, 'Legal', 'Washington DC'),
(9, 'Research', 'Seattle'),
(10, 'Product Management', 'San Jose');

INSERT INTO JOB (job_id, job_title, job_level) VALUES
(1, 'HR Assistant', 'Entry'),
(2, 'HR Manager', 'Mid'),
(3, 'Finance Analyst', 'Entry'),
(4, 'Senior Accountant', 'Senior'),
(5, 'IT Support Specialist', 'Entry'),
(6, 'System Administrator', 'Mid'),
(7, 'Software Engineer', 'Mid'),
(8, 'Senior Software Engineer', 'Senior'),
(9, 'Marketing Coordinator', 'Entry'),
(10, 'Sales Executive', 'Mid');

INSERT INTO EMPLOYEES
(employee_id, first_name, last_name, gender, hire_date, department_id, job_id)
VALUES
(1,'John','Smith','M','2019-02-14',3,7),
(2,'Emma','Johnson','F','2018-06-25',1,2),
(3,'Michael','Brown','M','2020-11-10',5,10),
(4,'Sophia','Davis','F','2017-09-18',4,9),
(5,'Daniel','Wilson','M','2021-01-05',7,5),
(6,'Olivia','Martinez','F','2016-03-12',2,3),
(7,'James','Anderson','M','2019-07-21',9,3),
(8,'Ava','Taylor','F','2020-04-30',6,4),
(9,'William','Thomas','M','2018-12-02',10,7),
(10,'Mia','Hernandez','F','2022-08-19',4,9),
(11,'Ethan','Moore','M','2015-05-17',1,1),
(12,'Isabella','Martin','F','2019-10-14',8,4),
(13,'Alexander','Lee','M','2016-06-09',3,8),
(14,'Charlotte','Perez','F','2021-11-01',5,10),
(15,'Matthew','White','M','2018-02-26',2,4),
(16,'Amelia','Harris','F','2020-09-07',6,6),
(17,'Lucas','Clark','M','2017-01-22',7,5),
(18,'Harper','Lewis','F','2022-03-18',9,3),
(19,'Benjamin','Robinson','M','2016-08-11',4,9),
(20,'Evelyn','Walker','F','2019-12-30',10,7),
(21,'Henry','Young','M','2021-06-03',3,7),
(22,'Abigail','King','F','2018-04-15',8,4),
(23,'Samuel','Wright','M','2017-10-09',5,10),
(24,'Emily','Lopez','F','2020-02-24',1,2),
(25,'Joseph','Hill','M','2016-11-19',9,3),
(26,'Elizabeth','Scott','F','2019-01-08',6,4),
(27,'David','Green','M','2018-07-14',7,5),
(28,'Victoria','Adams','F','2022-05-12',2,3),
(29,'Christopher','Baker','M','2015-09-27',4,9),
(30,'Luna','Gonzalez','F','2021-10-05',10,7),
(31,'Andrew','Nelson','M','2016-02-11',1,1),
(32,'Grace','Carter','F','2019-11-08',5,10),
(33,'Joshua','Mitchell','M','2020-03-15',3,7),
(34,'Chloe','Parker','F','2017-01-29',8,4),
(35,'Ryan','Evans','M','2018-06-18',2,4),
(36,'Natalie','Edwards','F','2021-09-25',6,6),
(37,'Jonathan','Collins','M','2016-12-13',7,5),
(38,'Hannah','Stewart','F','2019-04-02',9,3),
(39,'Kevin','Morris','M','2020-10-28',4,9),
(40,'Zoey','Rogers','F','2022-07-07',10,7),
(41,'Brandon','Reed','M','2017-05-03',3,8),
(42,'Lily','Cook','F','2018-02-26',1,2),
(43,'Justin','Morgan','M','2016-06-16',5,10),
(44,'Avery','Bell','F','2020-01-20',8,4),
(45,'Nathan','Murphy','M','2019-03-11',2,3),
(46,'Scarlett','Bailey','F','2021-08-29',6,4),
(47,'Patrick','Rivera','M','2018-09-04',7,5),
(48,'Penelope','Cooper','F','2022-05-12',9,3),
(49,'Sean','Richardson','M','2016-11-01',4,9),
(50,'Aria','Cox','F','2020-02-08',10,7);

INSERT INTO SALARIES
(salary_id, employee_id, salary, bonus, pay_grade)
VALUES
(1,1,88000,8200,'A'),
(2,2,72000,6000,'B'),
(3,3,81000,7300,'B'),
(4,4,74000,6600,'B'),
(5,5,63000,3500,'C'),
(6,6,70000,5800,'B'),
(7,7,76000,6000,'B'),
(8,8,69000,4900,'C'),
(9,9,92000,8800,'A'),
(10,10,75000,6700,'B'),
(11,11,59000,2600,'C'),
(12,12,71000,6000,'B'),
(13,13,97000,9200,'A'),
(14,14,82000,7400,'B'),
(15,15,70000,5000,'B'),
(16,16,78000,6200,'B'),
(17,17,64000,3600,'C'),
(18,18,77000,5900,'B'),
(19,19,76000,6500,'B'),
(20,20,94000,9000,'A'),
(21,21,88000,8300,'A'),
(22,22,71000,5900,'B'),
(23,23,83000,7600,'B'),
(24,24,73000,6200,'B'),
(25,25,77000,6000,'B'),
(26,26,70000,5200,'B'),
(27,27,65000,3700,'C'),
(28,28,72000,6100,'B'),
(29,29,78000,6400,'B'),
(30,30,96000,9400,'A'),
(31,31,60000,2800,'C'),
(32,32,84000,7800,'B'),
(33,33,89000,8400,'A'),
(34,34,71000,6000,'B'),
(35,35,74000,6500,'B'),
(36,36,80000,7000,'B'),
(37,37,66000,3800,'C'),
(38,38,76000,6200,'B'),
(39,39,79000,6800,'B'),
(40,40,95000,9200,'A'),
(41,41,98000,9600,'A'),
(42,42,73000,6100,'B'),
(43,43,85000,8000,'A'),
(44,44,72000,6000,'B'),
(45,45,74000,6500,'B'),
(46,46,71000,5800,'B'),
(47,47,67000,3900,'C'),
(48,48,76000,6200,'B'),
(49,49,78000,6400,'B'),
(50,50,97000,9800,'A');
